Eerste_voornaam;Totaal levend;1900;1910;1920;1930;1940;1950;1960;1970;1980;1990;2000
Maria;4311;9023;9031;9187;8824;8665;6982;3605;1876;1164;561;330
Johanna;3378;8329;7779;7645;7145;6572;5189;2936;1480;916;464;260
Anna;1750;3524;3917;3812;3406;3073;2454;1330;746;670;708;707
Cornelia;1427;3897;3523;3455;3070;2653;2114;1269;624;388;219;133
Elisabeth;1409;2349;2422;2487;2644;2671;2340;1289;687;541;288;177
Wilhelmina;1243;2456;2561;2763;2804;2557;2076;987;422;233;104;59
Catharina;1083;2189;2270;2267;2110;2036;1839;1061;453;275;134;78
Hendrika;909;2349;2267;2147;2054;1807;1308;751;379;231;123;77
Adriana;882;2029;2066;1954;1839;1617;1304;839;417;267;155;99
Petronella;870;1495;1670;1800;1781;1635;1427;979;366;163;65;22
Margaretha;587;854;1062;1066;1085;1208;1064;537;253;136;61;26
Yvonne;558;107;39;69;262;807;1383;953;485;291;65;15
Jacoba;545;1175;1419;1330;1178;1025;784;463;249;155;93;54
Helena;518;961;1119;1105;1066;952;812;488;225;141;86;76
Monique;509;0;1;5;13;64;749;1810;899;258;54;12
Geertruida;500;1708;1344;1337;1213;1058;714;345;161;94;49;27
Esther;430;53;28;18;17;31;142;1160;1104;618;296;123
Ingrid;422;0;6;19;107;395;960;1097;422;145;34;7
Antonia;405;534;932;956;937;807;621;341;142;86;48;23
Christina;393;908;750;740;722;734;591;408;216;139;79;53
Linda;389;0;0;1;5;77;249;585;1257;841;194;41
Anne;386;53;38;43;80;128;188;180;334;866;959;562
Elizabeth;377;961;797;709;648;657;533;359;242;178;116;98
Sandra;371;0;0;0;2;16;239;1274;909;377;81;15
Theodora;358;694;731;843;847;801;584;261;84;45;24;9
Aaltje;343;961;1000;939;796;618;441;261;172;109;68;39
Sanne;342;0;0;0;0;0;2;17;295;912;1087;704
Laura;333;0;21;29;28;36;63;139;447;965;849;339
Kim;328;0;2;3;3;4;8;91;952;872;729;229
Marianne;322;107;54;70;336;775;652;351;245;131;43;18
Grietje;322;1708;970;901;766;598;416;239;154;96;48;30
Alida;322;801;962;878;740;659;451;234;108;77;40;26
Jolanda;300;0;4;3;6;34;591;982;473;143;18;7
Karin;300;0;1;4;41;67;584;791;549;220;41;10
Iris;293;0;6;7;14;31;53;142;254;642;885;517
Eva;286;107;74;80;74;71;54;94;339;465;680;711
Jacqueline;286;0;33;39;61;152;690;800;243;126;33;10
Jantje;285;534;837;779;698;545;380;236;117;65;28;14
Trijntje;281;1068;958;797;666;533;375;216;110;65;33;25
Lisa;271;0;4;5;4;2;3;13;57;609;986;718
Astrid;267;0;0;9;72;166;534;760;277;150;54;12
Saskia;266;0;0;2;13;64;263;670;682;301;106;24
Neeltje;266;747;951;764;606;466;298;175;139;98;76;69
Bianca;263;0;2;2;6;10;86;830;828;291;61;11
Geertje;261;694;675;623;557;446;349;219;157;107;61;42
Patricia;259;0;1;5;16;69;241;635;778;282;53;9
Janna;256;534;677;597;491;413;297;201;144;130;119;117
Chantal;255;0;0;0;1;4;19;326;844;691;250;44
Judith;250;107;44;37;54;69;186;447;689;353;195;60
Wendy;250;0;0;0;2;3;29;421;1012;504;123;34
Petra;249;0;2;10;20;54;353;799;484;149;38;16
Daniëlle;246;0;0;0;2;7;26;407;682;564;313;72
Anouk;244;0;0;0;0;0;4;87;266;533;762;481
Emma;243;53;138;115;142;109;73;36;48;208;684;812
Maaike;243;107;189;174;143;139;119;181;517;404;369;140
Antje;238;694;763;618;544;444;307;190;117;77;39;23
Nicole;236;0;0;1;4;13;117;595;521;439;173;49
Femke;229;0;4;5;7;5;14;86;448;301;637;527
Ellen;224;0;25;37;51;124;325;413;414;301;115;35
Lotte;224;53;4;3;2;1;1;6;126;388;730;741
Sylvia;221;0;19;24;54;163;496;522;294;106;30;12
Francisca;220;267;272;342;362;385;377;283;140;70;30;11
Anita;219;0;6;18;46;104;523;570;241;125;28;6
Joyce;217;0;7;13;35;91;118;182;560;562;237;59
Gerarda;216;374;371;517;507;483;360;149;57;28;13;4
Willemina;216;427;570;518;457;402;286;188;108;76;45;27
Julia;214;160;74;49;49;48;47;43;50;145;713;778
Ilse;214;53;44;48;48;31;64;193;350;377;463;293
Jannetje;214;747;738;624;504;377;245;143;97;86;58;42
Miranda;211;0;1;0;0;5;82;714;601;227;45;9
Suzanne;206;0;15;6;7;16;43;246;590;533;239;81
Marieke;206;0;2;2;6;13;46;221;781;399;229;79
Simone;204;0;4;4;11;43;127;411;391;408;218;53
Marijke;204;53;19;50;263;433;322;167;239;165;64;20
Louise;203;160;256;264;356;429;269;124;90;94;112;131
Charlotte;202;53;53;42;52;75;82;106;217;436;431;320
Pieternella;200;694;588;510;440;370;259;161;102;67;42;26
Martina;199;320;359;368;358;367;313;202;118;78;36;18
Irene;198;0;22;29;248;250;314;257;227;189;108;32
Sophie;197;107;22;19;17;12;10;14;64;255;531;860
Mirjam;193;0;4;5;10;46;189;474;516;201;80;31
Henrica;192;214;270;404;440;404;329;185;50;23;8;2
Josephina;190;214;328;386;411;431;364;123;42;27;10;6
Tessa;188;0;0;0;1;1;6;37;215;428;574;395
Michelle;186;0;0;1;1;3;13;65;166;695;533;132
Inge;186;0;2;15;38;46;139;269;409;369;199;69
Fleur;185;0;0;1;0;1;2;23;112;200;651;659
Hendrikje;183;427;453;420;389;321;248;159;103;77;39;25
Maartje;183;267;330;268;218;164;114;97;269;232;222;149
Claudia;181;0;0;2;1;9;65;513;471;254;128;24
Carolina;177;214;194;193;196;271;433;234;95;47;21;13
Agnes;173;267;222;280;316;347;296;180;103;43;19;7
Marjolein;172;0;0;3;12;36;154;218;466;383;127;31
Marie;172;641;392;398;325;305;252;145;75;58;49;54
Barbara;170;267;146;139;153;178;179;339;325;104;41;11
Amber;170;0;0;0;0;0;1;19;54;224;744;458
Gerritje;169;747;545;470;400;312;205;122;80;57;35;25
Jessica;168;0;0;1;0;6;30;162;530;433;222;58
Naomi;167;0;2;2;2;4;4;19;109;271;632;434
Gerda;165;53;141;263;365;354;274;150;69;34;22;16
Eline;165;0;11;13;12;13;18;44;112;387;471;387
Lieke;165;0;0;1;1;1;2;9;112;266;376;717
Theresia;164;160;171;617;435;336;223;83;45;35;15;6
Manon;164;0;1;0;2;2;33;165;279;461;371;79
Martha;161;160;319;359;347;326;238;126;70;45;32;22
Diana;161;0;6;7;16;43;194;493;351;99;36;22
Dirkje;161;587;487;413;351;271;189;120;78;69;62;46
Sonja;160;53;37;74;148;231;266;311;215;46;21;8
Hermina;158;481;423;400;364;314;237;123;57;33;18;12
Nienke;155;0;2;3;8;11;24;59;267;287;385;321
Nathalie;155;0;5;1;1;2;6;297;413;365;162;50
Sara;154;214;174;117;88;67;48;44;93;141;260;577
Caroline;152;0;19;21;23;44;339;337;218;126;53;19
Sophia;151;427;338;297;246;210;153;110;73;80;102;191
Denise;151;0;4;7;5;10;33;75;187;542;353;89
Melissa;151;0;0;0;0;0;1;19;128;549;484;130
Vera;150;0;20;33;41;60;61;58;132;241;378;318
Tamara;148;0;5;2;2;5;13;126;583;364;150;40
Carla;147;0;20;54;161;301;328;203;105;34;10;4
Berendina;147;107;387;380;339;299;216;113;51;32;15;8
Angela;146;53;20;16;23;56;122;239;351;279;96;28
Daphne;146;0;1;1;2;3;18;91;209;350;413;174
Monica;144;0;8;6;19;83;413;330;93;82;37;8
Mariska;144;0;0;1;2;7;32;262;466;309;110;15
Nina;143;0;9;5;4;5;8;20;70;208;513;433
Maud;140;0;19;20;14;16;22;32;60;134;398;559
Romy;139;0;0;0;0;0;5;7;26;205;673;302
Merel;138;0;0;0;0;0;4;27;127;288;478;287
Alexandra;136;53;11;5;9;28;179;439;176;117;58;35
Gertruda;136;0;174;282;311;303;268;96;25;9;4;0
Angelique;135;0;1;2;4;9;39;454;335;161;54;18
Sarah;134;0;6;3;2;4;7;17;121;225;338;480
Henriëtte;133;107;97;124;134;213;257;225;93;49;23;9
Aleida;133;267;342;303;302;263;208;102;54;31;17;11
Britt;130;0;0;0;0;0;0;2;18;153;583;398
Janneke;128;0;46;41;50;75;79;105;333;223;140;69
Mandy;126;0;0;0;0;0;6;74;155;517;253;74
Cindy;125;0;0;0;0;0;8;208;513;231;82;21
Sharon;125;0;0;0;0;1;4;70;218;462;284;34
Lena;124;374;370;329;277;196;118;64;49;41;59;125
Sabine;123;0;0;1;4;6;36;188;318;267;168;43
Jeannette;123;160;118;110;137;212;276;198;57;18;10;6
Demi;122;0;0;0;0;0;0;0;0;66;698;306
Melanie;122;0;4;8;7;9;10;85;238;356;279;60
Kelly;122;0;0;0;0;0;1;10;153;587;288;16
Isa;121;0;1;1;0;0;1;1;2;9;409;678
Marloes;119;0;0;0;0;0;3;43;431;395;150;26
Roos;118;0;1;1;0;1;1;2;21;112;360;565
Marion;118;0;2;9;47;179;275;220;109;49;17;4
Dina;118;267;348;285;250;193;135;68;46;38;57;100
Paulina;116;53;204;192;218;234;213;109;46;30;15;10
Ilona;116;0;5;5;15;23;58;150;364;253;89;27
Annemarie;116;53;12;21;65;106;126;230;239;107;45;13
Leonie;115;107;46;51;49;52;51;84;272;289;121;49
Lucia;114;0;136;152;181;236;232;87;37;38;31;26
Nancy;114;0;8;12;16;22;68;319;313;117;44;14
Lisanne;112;0;0;0;0;0;1;3;26;382;395;169
Noa;111;0;0;0;0;0;0;0;1;2;375;627
Martine;110;0;14;14;17;29;63;226;347;154;53;14
Anneke;110;0;38;60;129;177;162;123;144;86;44;22
Floor;110;0;0;0;0;0;0;8;59;135;366;412
Natasja;109;0;0;0;0;0;4;327;319;161;66;9
Jennifer;109;0;0;1;2;10;20;72;172;286;251;121
Marit;107;0;0;0;0;0;9;29;71;136;338;363
Kirsten;107;0;0;1;2;2;10;70;226;283;230;102
Samantha;106;0;0;0;0;0;1;30;122;518;194;59
Eveline;106;53;21;26;33;72;119;135;227;152;73;48
Renate;105;0;0;9;38;25;65;252;264;140;59;17
Zoë;105;0;0;0;0;0;0;3;5;72;349;517
Elise;103;53;26;32;35;31;35;36;70;168;199;317
Hendrina;102;320;224;227;238;216;161;79;31;19;11;7
Magdalena;101;160;240;198;204;200;152;80;59;39;18;10
Anja;101;0;4;3;17;77;230;239;118;60;16;8
Willy;101;0;160;285;336;243;114;36;19;12;11;9
Stephanie;100;53;13;8;9;8;11;62;155;501;85;26
Susanne;100;0;6;5;5;11;32;160;318;205;78;29
Brigitte;100;0;2;5;22;29;168;315;128;59;27;9
Antoinette;99;107;124;113;120;160;180;162;69;33;14;7
Marina;98;53;35;44;96;125;161;130;112;86;45;29
Irma;98;0;42;44;58;82;219;216;84;53;21;7
Nikki;98;0;0;0;0;0;0;1;12;209;298;355
Marleen;98;0;0;1;2;12;35;94;283;249;126;30
Fatima;98;0;4;10;47;79;107;158;161;106;77;62
Paula;97;0;71;90;107;122;138;132;125;81;46;12
Ida;97;534;230;254;226;193;134;65;33;23;22;17
Joanna;97;320;229;254;226;179;125;61;37;35;24;32
Everdina;96;107;223;231;216;193;141;76;40;24;14;8
Tess;95;0;0;0;0;0;0;0;4;52;205;612
Jasmijn;95;0;0;0;0;0;1;4;36;72;247;504
Lynn;95;0;1;0;0;1;1;1;6;76;226;552
Evelien;94;0;1;2;2;11;34;102;216;237;109;92
Renske;94;107;42;35;40;42;38;45;138;152;169;178
Amy;93;0;4;4;4;3;2;4;29;128;242;427
Annie;93;107;192;315;296;176;90;41;35;33;17;11
Francina;92;107;193;204;206;190;139;77;34;21;14;9
Fenna;92;214;66;57;53;50;40;26;26;57;121;420
Frederika;91;160;245;206;183;182;140;82;41;20;11;8
Gerritdina;91;374;207;232;189;166;138;79;45;25;14;7
Rianne;91;0;0;0;0;1;6;38;183;338;174;51
Hubertina;90;214;151;219;233;217;158;47;11;6;1;0
Brenda;90;0;0;1;3;11;41;195;259;159;58;13
Rosa;90;214;28;58;56;65;56;28;51;108;196;195
Annemieke;89;0;0;1;6;37;120;208;210;91;26;9
Pauline;88;53;32;25;39;63;132;156;124;117;53;11
Jantina;88;267;179;177;147;154;130;103;61;33;12;7
Carmen;88;0;1;11;20;36;57;90;65;152;199;116
Esmee;87;0;0;0;0;0;0;2;7;80;310;384
Jannigje;87;214;237;226;190;152;102;66;44;39;29;23
Marjan;86;0;0;1;31;96;179;184;122;38;12;4
Marije;86;0;1;0;0;1;2;62;283;204;137;63
Louisa;86;374;255;212;211;155;113;52;30;25;24;30
Cynthia;85;0;1;3;3;16;44;134;165;222;99;22
Lisette;84;0;2;4;8;11;26;103;215;242;85;25
Danique;84;0;0;0;0;0;0;0;5;134;379;225
Ingeborg;84;0;13;30;39;38;122;218;134;65;26;6
Robin;84;0;0;0;1;0;1;1;1;197;328;208
Annette;83;53;11;18;36;75;189;196;77;35;14;6
Myrthe;83;0;0;0;0;1;1;11;41;152;297;233
Regina;83;107;87;123;118;126;130;126;62;37;18;8
Wilma;83;0;6;13;31;83;257;137;70;27;9;6
Silvia;82;0;7;6;14;30;127;236;148;58;15;7
Susanna;82;107;193;166;145;124;106;86;65;45;27;15
Milou;82;0;0;0;0;0;1;5;15;226;190;295
Janny;82;0;8;94;175;195;135;57;30;27;22;13
Andrea;82;0;37;26;38;53;95;150;147;104;45;18
Bertha;81;214;309;285;225;150;100;47;23;14;7;5
Margriet;80;0;4;3;37;140;133;132;104;55;24;10
Deborah;80;0;0;1;1;3;39;101;219;203;78;31
Agatha;80;214;207;220;202;163;119;55;21;15;6;4
Josephine;80;53;71;82;89;115;122;46;24;40;73;124
Edith;79;0;41;57;67;99;160;173;52;19;11;7
Antonetta;78;214;180;191;197;172;120;59;19;9;4;1
Mariëlle;78;0;0;0;0;1;6;178;216;170;64;14
Geesje;78;320;177;188;163;146;106;69;41;27;15;8
Priscilla;78;0;0;1;2;2;6;33;180;317;106;26
Jannie;77;0;44;93;168;142;104;58;48;41;40;23
Christine;76;0;41;42;57;88;136;121;72;59;39;18
Rachel;76;53;27;19;10;8;15;64;125;159;192;68
Henriette;76;214;200;163;162;167;137;61;15;6;3;1
Clasina;75;267;196;204;183;158;107;53;27;15;7;2
Gerdina;75;53;101;121;140;152;130;79;36;17;10;6
Henderika;75;320;177;167;154;146;113;79;33;16;5;2
Renée;74;0;7;14;27;62;87;37;66;166;131;39
Teuntje;74;107;225;206;152;131;85;47;34;31;26;32
Kimberley;73;0;0;0;0;0;1;2;33;368;197;35
Rosalie;73;0;13;12;12;14;11;14;50;98;176;268
Loes;72;0;2;6;20;17;13;17;128;195;148;94
Dorothea;72;214;144;136;154;140;123;62;29;20;11;5
Lydia;72;0;37;37;57;78;98;82;98;77;51;35
Engelina;71;160;183;163;166;137;116;59;24;15;8;4
Natascha;70;0;0;0;0;1;6;187;217;123;39;6
Miriam;70;0;0;4;9;24;60;171;157;84;42;17
Susan;70;0;2;0;3;14;19;97;202;132;89;35
Lara;69;0;0;0;0;0;0;16;36;78;201;287
Jansje;69;214;268;227;187;134;74;42;22;18;10;7
Jill;69;0;0;1;1;0;2;3;45;116;184;262
Annigje;68;267;164;175;148;120;94;48;36;27;19;13
Klazina;68;481;147;154;135;127;100;64;37;23;10;7
Yvette;68;0;1;3;2;7;44;133;169;129;59;15
Tanja;68;0;4;0;1;10;72;175;162;83;28;7
Suzanna;68;267;147;116;97;92;88;81;63;45;26;16
Kimberly;68;0;0;0;0;0;0;2;37;271;228;48
Luna;67;0;1;0;0;0;0;0;0;6;215;392
Anke;67;0;20;17;40;54;48;57;153;131;66;15
Isabella;67;0;29;37;37;34;38;37;27;28;115;254
Shirley;66;0;0;2;8;18;60;91;99;168;82;20
Isabel;66;0;0;2;3;4;9;21;30;43;207;271
Marja;66;0;1;3;32;144;188;70;44;15;7;6
Dominique;66;0;0;0;0;3;16;31;56;194;188;78
Esmée;66;0;0;0;0;0;0;6;10;76;278;215
Sofie;66;0;0;2;1;1;1;2;18;60;142;371
Jenny;66;107;40;62;72;78;81;66;96;72;39;18
Bo;66;0;0;0;0;0;0;0;5;82;251;246
Daisy;65;0;7;5;5;4;4;17;93;257;119;66
José;65;0;4;12;32;62;107;105;116;69;22;4
Nadia;65;0;1;2;3;8;21;47;136;173;114;52
Sabrina;64;0;0;0;0;0;7;27;246;198;63;25
Olga;64;107;55;51;85;133;82;81;80;31;12;5
Gezina;64;53;138;142;143;129;100;59;25;13;7;2
Alberdina;64;214;161;137;137;125;103;58;26;17;7;2
Meike;64;0;1;3;4;2;3;13;43;55;198;249
Clara;63;267;159;129;122;125;100;47;32;22;12;9
Janine;63;0;4;2;4;17;39;105;123;118;89;24
Alice;63;53;47;37;39;63;100;113;73;41;31;25
Elisa;63;53;70;83;63;34;31;20;31;71;115;154
Rebecca;63;0;9;7;7;9;17;44;124;146;128;62
Evi;63;0;1;1;0;1;1;1;3;27;112;431
Annelies;63;0;2;2;11;53;93;100;128;79;26;9
Mila;62;0;0;0;1;1;2;3;5;10;113;437
Sterre;62;0;0;0;0;0;0;1;4;21;254;275
Lianne;62;0;0;0;0;0;9;34;81;202;125;81
Nora;61;0;27;32;25;20;17;14;33;44;83;301
Alberta;61;160;138;157;136;116;90;52;25;15;8;4
Bente;61;0;0;0;0;0;1;2;5;40;232;266
Isabelle;61;53;0;2;1;3;7;28;37;74;202;179
Nynke;61;0;1;1;3;7;16;44;102;94;127;134
Nelly;61;160;159;176;197;138;70;22;10;9;6;8
Bernadette;60;0;5;12;21;82;182;74;51;33;7;2
Aartje;60;107;136;146;128;101;74;45;36;34;19;12
Hendrica;59;160;158;158;146;133;88;38;14;9;5;2
Janke;59;214;132;124;118;118;84;54;35;18;11;4
Mathilda;59;53;118;139;137;125;94;47;18;8;7;6
Jeanette;59;53;17;29;44;75;118;128;47;22;8;3
Amanda;58;0;5;3;4;4;11;46;86;257;62;23
Hannah;58;0;5;1;1;2;2;5;28;77;174;229
Lilian;58;0;4;15;25;54;99;94;64;63;31;20
Carola;57;53;6;11;17;39;72;128;89;91;13;2
Noor;57;0;0;0;0;0;1;1;4;15;118;389
Aukje;57;107;100;78;80;75;65;53;61;43;33;40
Nadine;57;0;0;0;0;1;3;16;107;177;125;73
Karen;57;0;1;1;5;13;55;127;148;82;23;6
Willempje;57;267;190;156;138;106;62;36;28;22;15;10
Froukje;57;107;101;85;77;72;60;56;66;44;33;33
Bernardina;57;53;130;160;144;122;85;42;12;5;2;1
Maureen;56;0;0;2;3;19;43;109;75;62;103;40
Cecilia;56;107;87;84;85;107;103;53;22;19;15;16
Veerle;56;0;0;1;0;0;2;4;14;74;178;227
Margje;56;160;118;130;110;98;72;40;43;27;16;10
Karlijn;55;0;0;0;0;0;0;8;77;143;139;124
Hester;54;0;28;30;25;26;35;97;111;75;47;20
Hillegonda;54;53;107;113;115;114;85;51;18;11;5;2
Anthonia;53;107;123;117;115;106;72;47;25;16;11;8
Larissa;53;0;1;0;0;0;1;20;34;128;204;74
Josepha;53;53;47;50;91;148;112;35;15;7;2;1
Jeltje;53;53;151;120;110;91;70;50;32;19;14;6
Elly;53;0;41;99;171;123;68;27;17;9;8;5
Marian;52;0;0;1;25;71;110;96;69;27;7;3
Indy;52;0;0;0;0;0;0;0;0;4;171;301
Veronica;52;0;32;39;53;111;127;44;32;20;7;5
Julie;52;53;11;8;5;6;7;9;16;38;143;238
Mieke;52;0;6;7;17;40;59;52;121;76;36;29
Grada;52;107;157;169;138;105;66;32;15;9;3;2
Yara;51;0;0;0;0;0;0;0;4;42;114;308
Fatma;51;0;2;6;27;39;59;86;88;56;38;21
Sietske;51;53;62;61;62;67;55;44;68;51;35;19
Ashley;51;0;0;0;0;0;0;0;1;144;187;112
Tjitske;51;0;93;90;83;72;71;54;46;30;19;9
Hanna;50;0;34;35;37;37;33;20;41;57;82;119
Stefanie;50;53;0;2;3;2;6;48;103;198;52;18
Elsje;50;53;79;86;122;119;73;34;18;11;7;4
Hanneke;50;0;4;3;14;18;27;52;183;88;31;11
Josina;49;0;124;97;96;101;76;39;25;15;9;6
Sjoukje;49;53;83;81;79;69;65;53;48;33;19;9
Harmina;49;160;140;115;101;93;73;46;23;12;6;2
Maatje;49;160;167;117;102;76;58;37;29;25;17;18
Hilde;49;53;2;5;15;22;30;48;103;90;73;29
Eleonora;49;53;41;52;62;88;78;46;34;28;21;22
Gerardina;48;320;137;123;117;111;72;33;10;4;3;1
Ivonne;48;0;12;22;38;66;107;102;38;11;1;1
Puck;48;0;0;0;0;0;1;2;11;47;163;207
Yolanda;48;0;1;3;6;40;153;104;29;15;3;1
Roelofje;48;107;110;129;108;92;67;38;19;14;9;4
Kyra;48;0;0;0;1;1;2;10;19;68;162;163
Marlies;48;0;0;1;5;6;22;64;147;102;41;19
Nicolette;48;0;7;5;9;26;74;142;65;33;10;6
Jenneke;48;53;108;81;77;77;60;43;42;34;18;12
Wietske;48;53;47;63;61;62;56;48;58;44;31;14
Senna;48;0;0;0;0;0;0;0;0;9;120;307
Pietertje;47;214;249;162;120;83;53;29;20;11;9;4
Margot;47;0;22;19;26;38;64;68;54;69;43;13
Joke;47;0;0;3;51;113;100;43;35;18;10;5
Klaasje;47;160;139;114;98;76;57;40;30;23;13;9
Debby;47;0;0;0;0;0;8;78;202;75;27;5
Jeanne;46;53;133;127;106;89;56;26;16;21;20;8
Lina;46;53;42;32;28;20;15;10;11;15;48;258
Danielle;46;0;0;0;3;9;20;136;123;54;18;7
Noortje;46;0;0;0;0;1;1;5;79;79;107;138
Aafke;45;0;81;72;68;60;49;41;47;39;22;28
Loïs;45;0;0;0;0;0;1;1;2;21;126;261
Kiki;45;0;0;0;0;0;0;2;14;61;140;189
Erna;45;53;59;50;87;64;96;63;20;9;4;2
Christel;45;0;5;7;16;6;18;96;108;73;42;13
Carlijn;45;0;0;0;0;0;0;6;50;102;132;109
Katharina;45;53;68;67;60;43;70;70;43;31;13;8
Mathilde;45;107;61;47;56;60;56;48;34;31;36;31
Imke;45;0;13;15;10;9;8;15;39;65;116;125
Mirthe;45;0;0;0;0;0;0;2;11;41;125;224
Mireille;44;0;0;1;2;3;10;161;101;52;18;4
Allegonda;44;107;84;96;97;95;77;39;12;5;2;1
Gesina;44;267;112;122;105;91;65;29;15;10;4;2
Pietje;44;267;161;147;122;81;56;29;16;8;3;2
Angelina;44;53;25;24;27;37;56;61;30;24;31;88
Ruth;44;0;20;28;23;31;36;49;75;50;58;36
Baukje;44;53;87;83;77;59;50;44;48;24;23;11
Gertrudis;44;160;101;111;116;116;71;17;3;2;0;0
Rosanne;44;0;0;0;0;0;1;5;33;157;108;78
Hilda;43;0;50;63;69;71;68;59;32;17;9;5
Erica;43;0;5;10;36;32;71;93;64;30;12;5
Jacomina;43;160;139;107;91;80;58;31;23;15;9;7
Tineke;43;0;4;14;44;59;61;48;64;50;17;9
Emily;43;0;1;3;2;5;5;10;22;52;100;184
Willemijntje;42;160;132;115;98;77;52;29;23;15;11;6
Liesbeth;42;0;7;9;14;25;46;90;103;38;13;9
Carolien;42;0;0;1;1;4;28;79;124;72;30;9
Marjolijn;42;0;0;0;16;38;57;55;109;47;17;4
Albertha;41;53;65;75;76;83;68;39;19;14;7;5
Martje;41;267;123;94;92;65;49;35;33;22;11;5
Willemijn;41;0;0;0;1;1;3;21;78;85;99;74
Adriaantje;41;267;166;117;93;76;50;31;20;14;7;6
Pien;41;0;1;0;0;0;0;0;2;25;145;197
Vivian;41;0;0;0;2;8;18;55;84;87;62;26
Debbie;41;0;0;0;0;0;3;30;173;115;31;5
Hiltje;41;0;130;107;82;72;55;37;22;13;7;4
Marjon;41;0;0;1;4;22;70;89;84;37;10;2
Mary;41;0;46;63;64;88;62;41;23;15;10;6
Désirée;41;0;4;1;3;9;91;122;38;27;9;2
Thi;41;0;5;10;15;34;68;79;70;35;11;4
Ineke;40;0;1;7;43;72;54;47;52;40;16;9
Debora;40;0;12;11;12;12;36;77;114;40;23;13
Lonneke;40;0;0;0;0;0;3;35;112;90;76;33
Lamberta;40;107;123;99;96;76;61;39;11;6;3;1
Samira;40;0;0;0;0;2;6;38;129;100;52;20
Evertje;40;107;99;99;88;67;50;30;22;19;15;10
Vanessa;40;0;0;0;0;0;1;54;237;22;17;18
Minke;40;0;37;43;36;36;28;30;40;39;46;72
Linde;40;0;0;0;0;0;1;3;14;40;97;205
Geertruda;40;0;104;110;100;86;57;29;12;4;1;1
Jade;39;0;0;0;0;0;0;0;7;29;109;211
Silke;39;0;0;0;0;0;1;4;15;39;133;161
Heidi;39;0;1;1;4;3;28;110;132;19;11;10
Valerie;39;0;1;1;4;2;4;11;26;86;101;112
Gerharda;39;0;92;93;93;87;61;27;12;8;3;2
Suzan;39;53;0;0;0;3;6;46;109;101;47;18
Tara;39;0;0;0;0;0;1;4;8;62;113;158
Esmeralda;39;0;0;1;1;2;16;57;89;75;59;26
Gijsbertha;38;107;58;85;75;76;52;31;20;15;10;9
Peggy;38;0;6;6;8;25;36;93;104;33;6;2
Floortje;38;0;1;0;0;1;1;16;72;48;70;135
Rita;38;0;13;24;56;85;84;39;17;9;5;4
Thea;38;0;18;35;81;76;65;45;23;9;4;2
Aagje;38;107;131;120;91;69;43;23;18;14;10;8
Jentje;38;53;99;92;85;67;52;30;19;15;9;6
Dewi;38;0;0;0;0;1;1;4;29;49;121;134
Marrigje;38;214;104;81;75;63;46;28;29;20;16;9
Manuela;38;0;0;1;2;2;15;112;59;66;36;10
Albertje;38;53;104;101;83;69;50;34;16;11;7;3
Jitske;38;53;42;52;50;41;38;32;41;39;33;24
Joëlle;38;0;0;0;0;0;1;3;16;64;161;86
Antoinetta;38;0;83;70;78;76;66;34;13;8;4;2
Quinty;37;0;0;0;0;0;0;0;0;2;172;160
Ramona;37;0;1;0;1;3;7;21;174;88;26;8
Ella;37;0;25;23;22;17;17;10;10;20;64;161
Fenne;37;0;0;0;0;0;0;0;3;10;62;267
Claire;37;0;1;2;4;5;8;19;61;87;90;45
Madelon;37;0;2;1;3;16;16;44;48;85;65;31
Annemiek;37;0;0;0;0;0;6;56;111;91;41;7
Saar;37;0;0;0;0;0;0;0;1;1;14;329
Celine;37;0;2;2;2;1;2;5;16;53;184;54
Olivia;37;0;0;0;3;5;10;7;12;9;34;254
Sam;36;0;1;0;0;0;0;0;0;11;173;139
Arnolda;36;107;73;96;84;72;54;32;12;7;3;1
Elin;36;0;0;0;0;0;0;1;3;8;19;307
Brigitta;36;0;14;14;22;37;105;62;20;12;8;2
Selma;36;0;5;9;9;17;24;47;67;49;42;44
Leentje;36;107;117;99;89;64;40;23;14;15;12;10
Gijsberta;36;0;125;104;90;69;47;27;11;7;5;4
Heleen;36;0;0;0;2;8;31;60;70;65;41;16
Kaylee;36;0;0;0;0;0;0;0;0;40;169;107
Kayleigh;35;0;0;0;0;0;0;0;0;68;149;95
Leonarda;35;53;26;40;49;62;63;49;26;14;5;1
Ester;35;0;4;4;5;6;12;99;106;36;14;8
Juliette;35;0;9;7;9;12;24;38;22;42;67;79
Reina;35;53;71;51;65;61;48;37;21;15;12;11
Gerrigje;35;0;99;94;80;63;42;25;17;15;8;6
Angélique;35;0;2;1;1;4;15;161;65;14;3;1
Kitty;35;0;21;25;23;29;41;74;57;34;8;2
Evy;34;0;2;2;0;0;1;1;2;22;69;218
Mara;34;0;1;1;4;6;3;6;25;44;78;140
Beatrix;34;53;15;23;121;80;58;20;7;4;3;1
Zwaantje;34;0;91;95;81;63;46;28;15;8;5;3
Aniek;34;0;0;0;0;0;0;2;14;83;120;82
Henny;34;0;29;59;89;70;52;26;13;9;5;4
Soraya;34;0;0;0;1;1;9;12;37;99;71;64
Megan;34;0;0;0;0;0;0;0;1;37;145;117
Sandy;34;0;0;0;0;0;1;89;99;51;27;12
Maxime;34;0;0;0;0;0;0;0;1;111;146;34
Kristel;34;0;0;0;0;0;2;25;119;86;42;18
Lizzy;33;0;1;1;1;1;1;2;11;53;60;173
Dana;33;0;4;3;4;4;4;8;31;40;104;100
Trientje;33;160;110;97;81;67;44;26;11;7;2;1
Ay?e;33;0;0;2;9;16;31;56;64;47;28;21
Harmke;33;0;71;61;61;55;43;31;27;18;12;5
Isis;33;0;0;0;0;0;0;2;5;5;81;206
Gemma;33;0;8;8;45;81;55;19;29;21;12;7
Natalie;33;0;1;1;0;0;3;85;113;42;16;10
Ina;33;0;9;40;78;84;50;23;11;6;6;8
Elvira;33;0;8;7;9;12;29;42;63;54;31;29
Klasina;33;53;85;76;66;64;48;29;16;11;3;3
Desirée;33;0;1;0;1;3;32;68;68;66;22;4
Mina;33;53;79;73;54;42;40;30;17;17;11;32
Gabriëlle;33;0;4;1;4;8;23;56;60;54;45;18
Feline;32;0;0;0;0;0;0;0;0;9;31;261
Joy;32;0;2;2;2;4;2;3;12;51;104;107
Benthe;32;0;0;0;0;0;0;0;2;11;67;215
Stella;32;0;7;6;8;21;35;35;20;23;39;86
Juliana;32;107;64;63;76;62;45;23;12;11;12;8
Guusje;32;0;0;2;2;2;1;1;3;11;62;209
Fay;32;0;0;0;0;1;0;0;2;13;52;223
Liv;32;0;1;0;0;0;0;0;3;2;25;265
Suze;31;0;5;10;7;5;4;3;6;14;47;196
Jeanine;31;0;0;1;3;11;26;49;46;74;40;7
Akke;31;214;88;71;66;59;39;30;18;10;6;3
Nikita;31;0;0;0;0;0;0;0;0;73;137;63
Geeske;31;0;80;58;54;49;38;34;31;16;8;5
Janne;31;0;0;3;2;2;3;4;13;31;93;128
Hatice;31;0;0;1;11;17;32;59;57;38;21;16
Liza;31;0;9;7;7;2;3;6;24;78;64;86
Jamie;31;0;0;0;0;0;0;0;13;87;137;31
Elke;31;0;1;2;6;6;6;20;58;71;59;40
Nicky;31;0;0;0;0;0;0;1;15;115;96;42
Alicia;31;0;1;1;1;3;3;4;10;39;91;122
Gerrie;31;0;12;19;45;56;45;31;25;22;16;9
Moniek;31;0;0;0;0;0;0;17;97;115;32;5
Belinda;31;0;0;0;0;2;37;128;33;18;8;2
Cheyenne;31;0;0;0;0;0;0;0;4;39;165;60
Babette;30;0;1;1;1;1;4;36;38;47;76;57
Aletta;30;0;57;38;45;46;43;38;23;17;12;8
Khadija;30;0;0;1;7;17;29;45;51;38;23;40
Elena;30;0;7;4;8;10;16;23;16;18;45;123
Paulien;30;0;1;1;1;3;13;42;78;69;37;7
Rinske;30;0;48;43;40;37;29;25;39;29;21;16
Helga;30;0;9;21;53;32;45;68;30;8;2;0
Ursula;30;53;28;29;51;32;27;80;29;10;3;0
Marcella;30;0;4;6;7;11;27;32;57;84;22;7
Annechien;30;53;77;58;62;57;40;28;21;9;5;2
Roxanne;30;0;0;0;0;0;1;1;19;154;55;29
Corine;30;0;0;0;0;4;32;81;61;38;12;5
Emmy;30;53;25;28;39;31;22;17;34;36;39;27
Madelief;29;0;0;0;0;0;0;0;2;5;88;171
Liz;29;0;0;0;0;0;0;1;2;18;41;209
Nanda;29;0;4;4;10;11;25;49;91;35;14;6
Merle;29;0;0;0;1;2;1;3;9;33;89;121
Sacha;29;0;0;0;1;2;7;59;40;28;69;35
Hilligje;29;0;79;79;65;53;42;20;14;9;5;3
;29;160;51;33;16;21;23;4;7;21;54;90
Dorien;29;0;0;1;0;1;8;31;85;71;39;11
Margreet;29;0;1;1;8;22;41;67;58;20;8;4
Jantine;29;0;19;19;16;26;30;34;61;44;13;6
Janet;29;0;0;2;3;12;39;80;43;29;13;4
Helen;29;0;4;10;12;23;40;57;45;26;17;6
Else;29;0;51;52;62;37;24;16;18;23;28;23
Anje;29;53;87;64;62;49;39;25;18;11;6;3
Christa;29;0;5;6;17;13;23;44;59;48;22;9
Arendina;29;0;65;70;56;54;43;27;12;9;5;3
Marissa;28;0;0;0;0;0;1;7;20;95;86;36
Mirte;28;0;0;0;0;0;0;2;22;41;84;101
Corina;28;0;1;1;2;5;38;89;52;20;8;3
Jozina;28;107;67;63;56;51;43;25;12;11;6;3
Veronique;28;0;1;0;0;3;11;42;60;58;36;25
Jolien;28;0;0;0;0;1;2;5;41;104;51;41
Sofia;28;0;11;7;8;7;13;14;18;23;33;125
Lindsey;28;0;0;0;0;0;0;1;17;76;63;90
Donna;28;0;0;0;0;1;5;9;14;37;96;77
Ria;28;0;0;10;56;68;50;26;11;7;4;4
Noëlle;27;0;0;1;0;1;6;11;14;35;84;89
Nicoline;27;0;11;9;9;19;55;54;38;23;8;3
Huberdina;27;0;70;68;64;56;42;23;9;5;1;0
Nova;27;0;0;0;0;0;0;1;1;1;49;201
Jessie;27;0;4;2;1;1;1;5;15;50;104;60
Margo;27;0;11;11;18;36;39;41;28;28;20;4
Helene;27;0;39;30;39;40;50;40;18;10;5;3
Dieuwke;27;53;41;43;48;39;29;21;26;25;15;11
Dagmar;27;0;0;1;5;5;6;19;50;41;68;42
Lise;27;0;1;1;1;0;1;1;7;28;53;154
Jet;27;0;1;1;2;2;1;1;11;23;88;112
Sigrid;27;0;0;4;6;5;14;67;48;31;33;13
Lana;27;0;0;0;0;0;0;2;6;24;40;173
Emine;27;0;1;2;10;17;30;47;47;34;21;12
Clazina;27;53;64;56;55;52;41;23;12;8;4;4
Fabiënne;26;0;0;0;0;0;1;3;11;31;115;73
Charissa;26;0;0;0;0;0;1;7;39;73;56;57
Sabina;26;0;8;4;5;9;19;45;80;40;10;6
Joanne;26;0;1;2;3;6;13;17;35;56;58;35
Lijntje;26;53;101;76;59;46;32;19;11;7;8;4
Alie;26;0;6;14;30;35;31;29;30;24;21;13
Audrey;26;0;0;2;1;3;18;62;61;28;23;12
Mariëtte;26;0;4;6;9;19;41;56;30;36;9;2
Constance;26;0;18;29;41;59;45;30;9;5;6;4
Apolonia;26;107;80;69;67;50;32;18;9;8;4;2
Aafje;26;0;110;93;60;41;30;17;13;7;4;5
Geertrui;26;107;113;89;65;50;28;15;10;6;3;2
Diane;26;0;1;1;2;6;26;66;73;23;6;3
Jennigje;26;53;54;52;56;41;35;26;15;12;6;4
Lola;26;0;1;1;1;2;1;1;1;7;58;162
Greta;25;53;66;86;85;41;26;19;9;6;2;1
Sylvana;25;0;0;0;0;2;8;7;25;89;66;21
Huberta;25;107;66;66;61;57;39;18;6;3;1;0
Eefje;25;0;13;11;9;5;4;7;61;49;36;49
Malika;25;0;0;0;1;12;41;54;50;18;13;11
Gwen;25;0;0;0;0;1;1;4;15;24;67;117
Femmigje;25;0;55;56;51;51;36;20;13;8;4;3
Pleun;25;0;0;0;0;0;0;0;2;17;91;115
Annika;25;0;0;0;0;0;1;6;36;62;72;45
Desiree;25;0;0;0;0;1;8;27;52;81;33;8
Arendje;25;53;83;73;59;47;30;17;10;7;7;4
Yasmine;25;0;0;0;0;0;0;1;3;20;95;103
Selina;25;0;0;0;1;1;2;5;17;41;77;78
Cato;25;0;29;29;20;10;6;2;2;4;40;130
Zeynep;25;0;0;1;3;5;11;23;31;40;33;65
Evelyn;25;0;0;3;6;18;27;55;41;22;11;14
Joan;25;0;18;8;15;29;42;33;25;17;16;18
Mirella;25;0;0;0;0;2;9;53;107;21;8;5
Albertine;24;0;37;30;35;39;34;24;31;17;7;4
Hermanna;24;53;47;46;49;48;41;21;12;7;3;2
Katja;24;0;2;0;1;3;8;61;54;26;28;21
Els;24;0;1;4;12;24;32;25;43;38;19;8
Lauren;24;0;0;0;0;0;0;0;3;30;58;130
Madeleine;24;53;13;10;17;30;32;28;22;24;19;24
Emilie;24;107;29;23;28;26;17;11;22;29;23;46
Afra;24;107;51;52;49;48;37;15;13;10;8;3
Albertina;24;53;37;37;42;45;40;30;14;7;3;2
Hedwig;24;0;40;38;42;29;42;27;14;14;9;7
Elske;24;0;22;21;25;25;20;19;36;37;16;19
Erika;24;53;14;18;39;14;27;47;38;17;9;3
Ruby;24;0;2;2;5;5;8;9;16;42;72;51
Jetske;24;53;45;33;36;32;26;20;23;17;23;11
Mascha;24;0;0;0;0;1;2;73;81;22;11;4
Karina;24;0;0;1;3;9;34;56;46;25;8;5
Liselotte;24;0;2;5;5;2;3;9;36;52;50;51
Elif;24;0;0;1;3;3;3;10;22;29;31;110
Tonia;24;53;37;65;61;49;29;18;8;5;4;2
Tine;23;53;32;53;66;46;29;13;8;11;6;4
Egberdina;23;53;52;47;49;43;38;21;12;7;4;2
Wanda;23;0;13;5;9;22;29;51;57;13;2;1
Esra;23;0;0;0;0;0;0;1;7;66;78;52
Jane;23;0;5;7;13;18;32;29;28;22;24;23
Lieve;23;0;0;0;0;0;0;0;2;9;53;149
Hinke;23;0;45;41;42;35;29;22;21;14;8;6
Jantien;23;0;66;49;47;32;30;20;25;14;5;2
Hélène;23;0;20;20;26;27;40;42;11;14;11;5
Marjanne;23;0;1;1;11;45;49;31;22;14;5;3
Sascha;23;0;1;0;0;1;1;28;33;46;59;28
Bibi;23;0;1;1;2;4;9;8;16;28;58;75
Anne-Marie;23;0;0;5;12;14;18;62;45;19;7;3
Juliëtte;23;0;2;2;2;4;6;14;14;31;67;58
Gaby;23;0;2;0;2;6;9;21;48;48;42;17
Alyssa;23;0;0;0;0;0;0;0;0;28;70;107
Eliza;23;53;29;25;21;17;9;10;14;25;30;64
Ilonka;23;0;0;0;3;9;19;72;41;23;8;1
Fiona;23;0;0;1;1;1;4;41;53;45;20;26
Amina;23;0;0;1;6;10;20;19;18;20;37;62
Aimée;22;0;1;1;1;3;2;10;15;25;49;95
Stijntje;22;53;61;65;58;39;27;15;12;7;5;2
Annabel;22;0;0;0;0;0;0;3;9;33;76;77
Elize;22;53;5;11;11;10;7;6;10;17;19;118
Bregje;22;53;8;8;8;4;3;11;50;25;44;48
Felicia;22;0;7;4;2;4;7;7;9;47;58;55
Francis;22;0;2;3;5;9;19;44;42;35;18;5
Hermine;22;53;37;47;48;49;37;19;5;3;2;1
Pamela;22;0;1;3;5;9;15;24;56;49;23;2
Jamila;22;0;0;1;1;3;24;40;49;28;18;18
Annet;22;53;0;0;1;2;17;50;50;37;16;4
Gina;22;0;1;1;3;3;15;16;10;48;57;33
Rosita;22;0;0;1;7;18;41;40;30;20;12;4
Birgit;22;0;0;1;2;3;12;34;37;44;35;12
Anniek;22;0;0;0;0;0;0;6;14;53;69;48
Norah;22;0;0;0;1;1;0;1;1;1;25;172
Aldegonda;22;53;40;51;54;48;39;14;3;1;0;0
Victoria;22;0;5;6;9;13;12;17;18;25;32;59
Meryem;22;0;4;3;4;8;12;20;29;34;34;42
Yasmin;22;0;0;0;0;0;3;4;8;33;64;79
Jolijn;22;0;0;0;0;0;1;3;28;43;53;63
Thirza;21;0;0;0;0;0;1;6;15;25;66;78
Shannon;21;0;0;0;0;0;0;1;6;67;93;18
Inez;21;0;0;1;4;10;15;33;28;24;37;26
Ellis;21;0;0;1;0;2;12;33;42;37;32;20
Bastiaantje;21;53;74;62;51;41;26;17;9;5;3;1
Lamberdina;21;53;40;48;49;46;31;20;7;3;2;0
Boukje;21;53;29;25;29;31;23;21;34;17;8;6
Lindsay;21;0;0;0;0;0;0;0;26;83;42;37
Renata;21;0;1;2;4;6;34;65;37;12;4;2
Gretha;21;53;31;56;56;39;28;18;9;4;3;2
Famke;21;0;0;0;0;1;1;2;14;6;82;84
Marianna;21;0;27;25;38;62;31;13;10;4;3;3
Fiene;21;0;0;0;0;0;0;0;0;0;5;193
Karima;21;0;0;0;0;1;6;29;78;47;13;3
Florence;21;0;9;7;11;21;19;22;22;25;33;19
Faye;21;0;0;0;0;0;0;0;4;10;36;141
Imane;21;0;0;0;0;0;0;1;7;30;82;66
Rowena;21;0;0;0;0;0;1;10;26;68;45;30
Klaaske;21;53;73;52;50;42;26;17;10;6;2;1
Suus;21;0;0;0;0;0;0;0;0;1;29;163
Aya;21;0;0;0;0;0;1;0;1;2;40;147
Daniëlla;21;0;1;5;4;5;8;50;41;35;18;8
Frederique;21;0;2;1;0;1;3;7;10;21;59;81
Dionne;21;0;0;0;0;0;2;13;20;58;63;21
Fabienne;21;0;0;0;0;0;4;13;19;32;66;44
Lidwina;21;0;2;5;16;46;51;21;16;7;1;0
Beau;20;0;0;0;0;0;0;0;0;26;104;50
Manouk;20;0;0;0;0;0;0;0;6;66;73;33
Juul;20;0;0;0;0;1;0;1;4;15;48;116
Sheila;20;0;5;3;4;8;12;40;44;36;17;5
Metje;20;53;64;52;44;35;27;16;9;8;5;3
Bernarda;20;0;29;40;43;42;35;20;6;3;1;1
Elsa;20;107;32;36;31;20;17;12;14;16;19;31
Jannette;20;0;14;10;16;24;44;39;13;10;4;4
Annetje;20;53;74;44;39;38;26;16;12;7;6;4
Derkje;20;107;67;54;47;39;30;13;8;6;3;1
Hillechien;20;0;50;56;46;38;27;18;10;5;1;1
Mette;20;0;1;0;0;0;0;2;8;8;52;111
Arina;20;0;28;29;33;32;28;23;14;9;8;6
Hetty;20;0;32;33;36;38;34;20;14;5;2;2
Rachida;20;0;0;0;0;3;19;40;66;27;5;2
Rika;20;0;54;56;50;32;26;14;9;7;6;3
Monika;20;0;2;0;17;19;25;47;31;14;5;2
Dieuwertje;20;0;41;39;29;22;12;6;18;34;21;14
Amira;20;0;0;0;1;1;4;4;5;8;33;124
Berdina;20;53;38;44;45;36;32;19;7;6;1;1
Rozemarijn;20;0;0;0;0;0;1;9;36;41;47;39
Marlou;20;0;0;0;0;0;2;7;22;76;45;20
Fokje;20;0;59;39;38;35;30;19;13;7;3;2
Heintje;20;53;60;53;47;37;24;14;8;6;4;4
Fien;20;0;1;1;0;0;0;0;1;4;22;155
Kornelia;20;214;55;47;40;32;27;21;13;6;4;1
Nellie;20;0;25;43;56;41;24;11;8;6;5;4
Jaimy;20;0;0;0;0;0;0;0;14;46;81;31
Malou;19;0;0;0;0;0;0;1;16;85;40;30
Marga;19;0;7;5;11;21;45;35;24;9;2;2
Dianne;19;0;0;0;1;1;10;30;39;38;30;12
Ana;19;0;5;2;9;16;26;27;21;18;20;20
Herma;19;0;4;5;10;28;42;32;19;10;4;3
Geessien;19;107;68;52;48;36;26;16;6;4;1;0
Rachelle;19;0;0;0;0;0;0;4;17;69;64;12
Sharona;19;0;0;0;0;0;0;0;2;86;63;15
Rosalia;19;53;42;41;46;42;28;12;5;5;3;4
Chiara;19;0;0;0;0;0;1;2;7;23;76;59
Dingena;19;53;42;41;38;34;24;20;12;6;6;2
Wijnanda;19;0;33;34;35;39;31;20;8;5;3;2
Marijn;19;0;0;0;0;0;0;4;33;41;60;29
Machteld;19;0;6;10;10;16;24;32;31;19;12;5
Greetje;19;0;1;5;25;29;36;26;19;9;5;4
Maike;19;0;8;4;5;4;7;14;51;36;34;11
Marretje;19;160;41;39;34;29;24;13;13;12;9;9
Niesje;19;107;51;43;44;40;23;13;7;8;4;2
Gertrude;19;53;31;28;31;33;36;22;10;4;2;2
Ada;19;53;33;32;45;36;27;13;5;5;4;11
Willeke;19;0;0;0;1;0;8;35;44;42;18;6
Krista;18;0;0;0;0;1;2;19;78;38;14;8
Maryam;18;0;0;1;2;2;7;10;17;32;28;63
Maya;18;0;1;2;2;5;10;14;19;19;24;67
Joukje;18;107;33;37;37;32;23;17;13;9;6;4
Chloë;18;0;0;0;0;0;0;1;1;15;51;100
Mare;18;0;0;0;0;0;0;1;3;4;33;128
Lucie;18;0;40;35;34;24;15;9;9;12;11;31
Yasmina;18;0;0;0;0;0;0;1;5;26;75;54
Willemke;18;0;41;43;41;33;25;15;11;6;3;2
Carina;18;0;0;1;2;5;20;35;39;31;11;4
Serena;18;0;0;0;0;0;1;2;16;48;59;34
Caitlin;18;0;0;0;0;0;0;0;0;21;77;62
Lambertha;18;0;21;32;36;34;29;19;8;6;3;1
Amal;18;0;0;0;0;1;4;9;23;35;52;31
Frieda;18;0;47;42;39;31;27;13;11;5;3;4
Laurentia;18;0;17;15;20;26;30;21;16;18;7;1
Ilja;18;0;0;0;2;4;2;34;34;24;34;16
Marchien;18;0;45;33;37;33;26;17;11;7;2;1
Barbera;18;0;34;32;27;24;21;26;21;8;3;2
Céline;18;0;0;0;1;1;2;6;16;38;69;20
Reintje;18;53;40;42;42;33;23;13;9;8;4;2
Philomena;18;0;38;41;44;40;29;11;3;2;1;1
Lize;18;0;6;6;8;4;3;2;4;11;19;109
Zahra;18;0;1;2;6;16;18;20;18;13;19;36
Margaret;18;0;13;11;14;39;45;20;7;3;1;1
Chelsea;18;0;0;0;0;0;0;0;0;18;74;63
Fatiha;18;0;0;0;0;3;20;42;51;18;4;2
Marie-Louise;17;0;2;2;10;19;24;29;24;18;11;7
Sijtske;17;107;58;49;47;34;18;15;8;4;2;0
Lindy;17;0;0;0;0;0;2;4;19;63;36;28
Laila;17;0;0;0;1;2;9;16;29;31;33;27
Lois;17;0;0;1;0;1;0;0;1;16;63;72
Jenneken;17;53;44;46;35;28;21;15;11;9;5;3
Angelica;17;0;1;3;4;8;24;43;14;18;15;8
Elles;17;0;1;0;0;0;3;36;44;32;20;8
Leonora;17;53;19;29;22;31;26;11;13;10;9;9
Mechelina;17;53;39;39;35;33;26;18;8;4;1;1
Titia;17;0;24;19;16;21;30;29;17;8;5;1
Patty;17;0;0;0;0;0;2;7;37;86;14;1
Hennie;17;0;1;16;27;24;24;16;17;13;10;8
Jolande;17;0;2;1;2;11;56;32;16;7;1;0
Renee;17;0;1;2;3;6;8;3;17;46;47;15
Silvana;17;0;0;0;0;2;15;18;19;46;29;10
Heiltje;17;160;46;39;38;31;22;13;10;5;4;3
Youssra;17;0;0;0;0;0;0;0;0;16;97;34
Leuntje;17;160;53;42;36;29;19;12;11;9;6;4
Goverdina;17;0;28;41;35;33;27;17;6;3;2;1
Lily;17;0;9;11;7;8;6;4;4;8;21;88
Arnoldina;17;53;29;45;42;32;27;15;5;2;1;0
Tietje;17;107;60;41;45;35;22;13;7;2;1;0
Hajar;17;0;0;0;0;0;0;0;4;26;57;61
Lucienne;17;0;4;4;6;16;40;38;8;10;4;2
Roelfina;17;53;37;31;33;32;26;18;9;5;2;1
Talitha;17;0;0;0;0;1;1;12;24;45;39;19
Meta;17;0;27;24;26;25;21;21;21;7;4;3
Chayenne;16;0;0;0;0;0;0;0;1;16;71;59
Ali;16;0;19;39;45;37;21;10;5;5;3;2
Klaske;16;0;9;19;21;24;19;18;19;13;10;5
Eugenie;16;0;26;21;22;24;20;34;12;6;3;1
Marcia;16;0;0;0;1;4;10;36;55;20;6;2
Leontine;16;0;1;6;9;14;24;34;32;9;5;1
Gabriëlla;16;0;4;3;2;3;9;19;19;31;29;24
Pietronella;16;53;41;46;37;30;23;14;8;4;1;0
Ardina;16;0;24;34;35;35;27;17;3;2;1;0
Berber;16;0;2;10;11;9;7;10;22;23;31;23
Pascalle;16;0;0;0;0;0;2;28;17;29;43;13
Kyara;16;0;0;0;0;0;0;0;0;7;54;84
Grace;16;0;8;5;10;17;33;17;11;11;10;17
Jente;16;0;0;0;1;0;0;1;2;6;41;95
Geziena;16;0;65;44;36;30;20;14;7;4;2;1
Flora;16;53;27;27;25;22;17;11;11;12;13;13
Latifa;16;0;0;0;1;5;14;26;42;25;12;4
Rosemarie;16;0;2;5;20;18;19;21;21;14;11;5
Jozefina;16;0;25;31;32;39;29;11;4;2;1;0
Evie;16;0;2;2;1;1;1;1;4;11;44;78
Tirza;16;0;0;0;0;1;1;7;15;25;36;53
Harmanna;16;53;38;34;29;28;26;16;8;5;2;0
Mariam;16;0;2;2;3;3;7;11;21;30;27;31
Tamar;16;0;0;0;0;1;1;10;21;29;38;36
Annemijn;16;0;0;0;0;0;0;1;6;16;52;66
Aline;16;0;1;6;4;6;11;18;24;26;21;18
Rabia;15;0;0;2;2;5;12;16;17;22;34;22
Naima;15;0;0;0;0;3;16;32;46;17;6;6
Yfke;15;0;2;2;2;1;2;2;4;2;6;122
Myrna;15;0;0;1;9;15;9;15;12;42;20;6
Pascale;15;0;0;0;0;0;11;57;14;15;15;6
Katinka;15;0;0;0;2;2;18;29;25;26;14;8
Nelleke;15;0;0;1;5;11;15;15;31;30;12;8
Kelsey;15;0;0;0;0;0;0;0;0;29;72;32
Farah;15;0;0;0;0;0;2;3;13;26;34;58
Arianne;15;0;0;1;1;2;8;34;31;23;17;10
Layla;15;0;0;0;0;1;3;6;17;22;35;51
Zara;15;0;0;0;0;0;0;0;0;3;35;101
Marlene;15;0;0;4;19;21;29;18;16;10;7;3
Alma;15;107;8;16;13;20;18;17;22;11;9;9
Gertrud;15;0;73;58;48;25;20;9;2;1;0;0
Gwendolyn;15;0;0;0;1;2;9;26;32;25;18;12
Merve;15;0;0;0;0;0;0;0;1;46;66;18
Afke;15;0;20;20;18;19;17;14;24;13;9;5
Ivy;15;0;0;2;3;6;8;6;6;11;17;75
Anneloes;15;0;0;0;0;0;2;12;34;53;22;7
Lucy;15;0;7;3;4;7;10;8;9;12;21;57
Klara;15;160;48;43;35;22;18;13;9;5;2;2
Dorine;15;0;2;2;5;7;24;29;23;17;9;3
Siham;15;0;0;0;0;0;1;3;23;55;37;11
Cora;15;0;5;6;10;23;30;25;16;6;2;1
Jacobje;15;53;42;36;36;27;17;12;9;5;3;3
Salma;15;0;1;0;0;1;1;1;3;18;48;59
Jenna;15;0;1;1;0;1;1;0;1;12;32;86
Cheryl;15;0;0;0;0;1;3;8;25;61;23;5
Saida;15;0;0;0;1;2;9;38;43;19;5;2
Stacey;15;0;0;0;0;0;0;0;7;37;34;52
Conny;15;0;1;2;5;11;40;36;11;4;2;0
Odette;15;0;2;2;2;6;17;46;16;11;9;5
Aicha;15;0;0;1;7;13;20;25;21;10;9;13
Birgitta;15;0;0;0;3;12;53;24;6;6;3;0
Linsey;14;0;0;0;0;0;0;2;8;58;35;24
Corinne;14;0;0;0;0;4;27;39;26;11;2;1
Ayla;14;0;0;0;0;0;2;5;8;32;40;39
Farida;14;0;1;1;2;4;15;37;36;13;5;2
Marijtje;14;0;51;43;40;25;12;8;9;5;4;3
Leanne;14;0;0;0;0;0;1;3;10;32;43;37
Janette;14;0;1;1;5;11;34;35;12;6;3;2
Mia;14;0;8;16;20;9;7;3;3;4;7;72
Marrit;14;0;0;0;0;0;1;6;18;32;38;31
Celina;14;0;12;6;5;4;4;4;8;19;44;34
Jorien;14;0;0;0;0;0;2;7;37;56;15;6
Evelina;14;0;6;10;12;18;32;20;12;7;3;4
Dilara;14;0;0;0;0;0;0;0;0;9;68;48
Shanna;14;0;0;0;0;0;0;0;16;53;41;14
Daniek;14;0;0;0;0;0;0;0;0;14;64;47
Leyla;14;0;0;0;1;2;10;22;23;17;16;27
Lea;14;0;7;9;10;10;12;8;13;15;19;30
Barendina;14;0;45;41;33;26;16;10;7;5;2;2
Gea;14;0;0;0;2;7;25;38;17;11;5;2
Christiana;14;0;8;19;19;21;25;15;11;8;4;3
Tannetje;14;107;53;40;32;21;15;11;7;7;4;4
Rose;14;0;5;9;13;15;14;8;8;15;16;26
Stéphanie;14;0;0;1;0;0;1;8;19;73;14;5
Lobke;14;0;0;0;0;0;0;1;32;23;41;25
Angeline;14;0;4;6;7;15;23;29;13;9;6;5
Frédérique;14;0;2;0;2;3;6;10;14;18;33;34
Roelfien;14;0;32;40;33;25;22;11;5;2;1;0
Florine;14;0;2;1;2;2;4;5;6;19;30;54
Aria;14;160;19;27;23;23;19;11;9;6;6;6
Liduina;14;0;4;10;18;37;34;9;4;3;0;0
Corrie;14;0;29;31;34;25;17;8;8;6;4;3
Augusta;14;53;33;42;35;28;19;8;5;2;2;1
Irmgard;14;0;33;23;22;14;31;22;6;3;1;0
Marike;14;0;0;0;1;4;15;27;43;11;7;4
Mayke;14;0;0;1;1;1;2;6;26;28;36;18
Geraldine;14;0;1;4;8;15;17;30;19;11;5;2
Frederike;14;0;4;4;7;8;12;19;24;19;15;9
Willemien;14;0;20;14;15;16;16;16;23;12;6;3
Franciska;13;0;5;7;12;11;14;25;23;13;7;3
Celeste;13;0;0;1;0;1;1;7;7;18;45;37
Mildred;13;0;1;6;14;33;28;22;5;1;0;0
Virginia;13;0;7;7;9;20;16;13;14;20;10;5
Bastiana;13;107;25;33;26;24;19;11;8;6;2;2
Romée;13;0;0;0;0;0;0;0;1;7;59;51
Dora;13;0;31;45;28;19;14;10;6;5;8;5
Sijke;13;53;34;36;29;21;18;13;8;5;2;1
Diede;13;0;0;0;0;0;0;0;1;24;39;53
Margretha;13;0;19;11;15;18;21;20;11;8;4;4
Livia;13;0;1;1;1;1;1;1;3;5;14;95
Yasemin;13;0;0;0;0;0;2;12;29;33;24;13
Mira;13;0;0;1;1;5;5;16;18;8;17;43
Eleonore;13;0;17;15;22;24;20;10;6;6;6;10
Huiberdina;13;0;35;31;30;25;18;12;6;3;2;1
Tiny;13;0;4;7;25;28;25;13;4;5;4;2
Stientje;13;0;45;40;32;25;19;8;4;2;1;1
Gerry;13;0;2;16;23;28;24;13;6;3;3;2
Emilia;13;0;9;15;15;17;14;9;6;6;12;25
Fredrika;13;0;27;37;29;25;18;11;6;3;1;1
Jip;13;0;0;0;0;0;0;0;0;14;51;51
Hinderika;13;0;31;34;31;25;17;13;5;2;1;0
Natasha;13;0;0;0;0;0;3;23;25;34;18;7
Esma;13;0;0;0;2;1;3;6;7;19;27;50
Françoise;13;53;14;14;14;14;18;29;12;7;3;1
Marlous;13;0;0;0;0;0;0;2;66;40;7;1
Eelkje;13;0;24;25;23;22;16;11;12;6;4;3
Godefrida;13;0;14;29;34;30;21;9;2;1;0;0
Zehra;13;0;0;1;2;3;3;9;15;22;22;37
Dimphna;13;53;26;33;25;25;20;14;6;2;1;0
Gepke;13;53;32;31;26;24;19;10;8;4;2;0
Frederica;13;0;21;25;26;27;20;11;4;3;2;1
Hanne;13;0;0;2;3;2;2;2;8;18;32;46
Willemtje;13;107;40;42;31;26;15;8;5;2;1;0
Fieke;13;0;0;0;1;1;1;3;18;26;22;41
Selena;13;0;0;0;0;0;0;2;6;16;37;52
Sarina;13;0;0;3;5;6;5;8;20;34;19;10
Doris;13;0;5;3;12;9;8;6;8;12;25;32
Lammigje;13;0;45;33;34;26;15;9;5;2;1;0
Annick;13;0;0;0;0;1;2;7;12;32;41;12
Josine;13;0;6;4;4;11;9;6;36;25;10;4
Angel;13;0;0;0;0;0;1;0;4;10;42;54
Anissa;13;0;0;0;0;1;2;3;9;17;39;39
Divera;12;0;9;26;27;27;21;10;3;2;2;1
Roosmarijn;12;0;0;0;0;0;1;4;16;25;33;32
Engeltje;12;0;44;36;31;27;14;8;5;3;1;1
Hanane;12;0;0;0;0;0;0;3;36;47;20;3
Romana;12;0;1;2;2;3;5;8;10;38;29;9
Magda;12;0;4;13;22;28;21;10;8;5;3;2
Alina;12;53;6;4;4;6;13;10;9;9;11;42
Hildegard;12;160;32;29;33;15;18;16;5;2;1;0
Willie;12;0;7;17;26;22;16;10;7;7;6;3
Nicolle;12;0;0;0;0;1;15;29;29;17;4;1
Wieke;12;0;0;1;1;3;4;7;18;24;27;21
Ciska;12;0;0;2;2;4;9;23;28;15;10;7
Najat;12;0;0;0;0;1;8;21;50;19;2;1
Oumaima;12;0;0;0;0;0;0;0;1;5;67;34
Helma;12;0;4;4;6;11;30;23;14;6;2;1
Luca;12;0;0;0;0;1;1;0;0;12;61;31
Yolande;12;0;0;1;4;23;40;12;6;5;1;0
Michèle;12;0;0;0;1;5;12;28;17;24;10;1
Jolie;12;0;0;0;0;0;0;1;2;5;18;85
Kaoutar;12;0;0;0;0;0;0;0;6;23;49;29
Gisela;12;0;12;15;31;16;16;18;9;5;2;0
Truus;12;0;12;33;40;30;15;5;2;1;1;0
Jennie;12;0;7;14;13;15;13;12;17;12;8;4
Lammechien;12;53;28;29;29;27;16;9;5;2;1;0
Lian;12;0;2;2;4;2;3;5;15;27;29;20
Odilia;12;107;11;18;20;25;24;11;3;3;2;2
Maja;12;0;0;7;11;17;15;10;13;8;8;15
Kate;12;0;1;1;0;1;1;1;1;5;13;87
Ikram;12;0;0;0;0;0;0;2;16;34;37;15
Euphemia;12;53;29;29;27;27;18;7;4;2;1;0
Wijtske;12;160;41;31;28;22;17;10;5;2;1;0
Jara;12;0;0;0;0;0;0;0;1;10;39;56
Dounia;12;0;0;0;0;0;0;1;6;16;38;44
Mijntje;12;53;24;20;17;11;7;6;6;3;13;31
Gijsbertje;12;53;32;33;27;21;14;8;7;4;3;2
Sylvie;12;0;2;1;1;2;3;11;15;12;18;40
Geerdina;12;0;26;26;26;24;19;11;4;2;1;0
Nada;12;0;0;0;2;7;4;5;4;7;30;43
Nena;12;0;0;0;0;0;0;0;1;16;36;51
Melisa;12;0;0;0;0;0;0;2;7;16;43;36
Teuna;12;53;33;30;30;20;14;8;4;5;3;2
Catherine;12;0;7;7;6;14;19;13;12;12;10;5
Jikke;12;0;8;6;7;5;6;6;10;9;24;33
Laurina;12;53;27;22;19;19;17;9;8;6;7;3
Alisha;12;0;0;0;0;0;0;0;0;10;39;55
Betty;12;0;15;17;19;18;16;13;11;6;3;4
Myra;12;0;1;2;2;5;9;22;15;12;16;13
Wendelina;12;0;7;11;16;13;19;22;13;4;1;0
Jantiena;12;0;22;25;22;21;18;12;7;3;1;1
Jana;12;0;1;3;4;4;3;4;8;14;29;34
Marjo;11;0;0;0;3;18;27;20;13;4;1;1
Marsha;11;0;0;0;0;1;1;17;33;26;15;4
Destiny;11;0;0;0;0;0;0;0;0;3;38;62
Ivana;11;0;0;0;1;1;1;4;7;25;40;22
Azra;11;0;0;0;1;1;2;3;5;5;18;69
Aylin;11;0;0;0;0;0;0;1;4;15;32;50
Margrietha;11;0;19;19;20;21;16;11;8;5;3;3
Lesley;11;0;0;0;0;2;2;4;18;48;19;7
Tetje;11;53;42;34;25;22;15;9;5;3;1;1
Lot;11;0;0;0;0;0;0;0;2;4;25;72
Lutske;11;0;27;26;19;19;15;10;9;6;3;1
Jessy;11;0;2;0;1;2;1;2;9;20;35;29
Theadora;11;0;1;2;10;23;21;16;9;6;2;1
Abigail;11;0;0;0;1;0;1;2;5;13;31;47
Estelle;11;0;0;1;1;1;1;5;5;12;39;33
Francine;11;0;11;8;9;13;16;15;13;12;7;3
